game_id,date,home_abbrev,away_abbrev
21900001,10/22/2019,TOR,NOP
21900002,10/22/2019,LAC,LAL
21900003,10/23/2019,CHA,CHI
21900005,10/23/2019,ORL,CLE
21900004,10/23/2019,IND,DET
21900006,10/23/2019,BKN,MIN
21900007,10/23/2019,MIA,MEM
21900008,10/23/2019,PHI,BOS
21900009,10/23/2019,DAL,WAS
21900010,10/23/2019,SAS,NYK
21900011,10/23/2019,UTA,OKC
21900013,10/23/2019,POR,DEN
21900012,10/23/2019,PHX,SAC
21900014,10/24/2019,DET,ATL
21900015,10/24/2019,HOU,MIL
21900016,10/24/2019,GSW,LAC
21900017,10/25/2019,BOS,TOR
21900018,10/25/2019,CHA,MIN
21900019,10/25/2019,BKN,NYK
21900020,10/25/2019,MEM,CHI
21900021,10/25/2019,NOP,DAL
21900022,10/25/2019,OKC,WAS
21900023,10/25/2019,DEN,PHX
21900024,10/25/2019,SAC,POR
21900025,10/25/2019,LAL,UTA
21900026,10/26/2019,MIL,MIA
21900027,10/26/2019,DET,PHI
21900028,10/26/2019,ATL,ORL
21900029,10/26/2019,NYK,BOS
21900030,10/26/2019,CLE,IND
21900031,10/26/2019,CHI,TOR
21900032,10/26/2019,HOU,NOP
21900033,10/26/2019,SAS,WAS
21900034,10/26/2019,UTA,SAC
21900035,10/26/2019,PHX,LAC
21900036,10/27/2019,OKC,GSW
21900037,10/27/2019,MEM,BKN
21900038,10/27/2019,DAL,POR
21900039,10/27/2019,MIN,MIA
21900040,10/27/2019,LAL,CHA
21900042,10/28/2019,NYK,CHI
21900041,10/28/2019,DET,IND
21900043,10/28/2019,ATL,PHI
21900044,10/28/2019,TOR,ORL
21900045,10/28/2019,HOU,OKC
21900046,10/28/2019,MIL,CLE
21900047,10/28/2019,NOP,GSW
21900048,10/28/2019,SAS,POR
21900049,10/28/2019,PHX,UTA
21900050,10/28/2019,SAC,DEN
21900051,10/28/2019,LAC,CHA
21900052,10/29/2019,MIA,ATL
21900053,10/29/2019,DEN,DAL
21900054,10/29/2019,LAL,MEM
21900055,10/30/2019,CLE,CHI
21900056,10/30/2019,ORL,NYK
21900057,10/30/2019,PHI,MIN
21900058,10/30/2019,BOS,MIL
21900059,10/30/2019,BKN,IND
21900060,10/30/2019,TOR,DET
21900061,10/30/2019,WAS,HOU
21900062,10/30/2019,OKC,POR
21900063,10/30/2019,UTA,LAC
21900064,10/30/2019,SAC,CHA
21900065,10/30/2019,GSW,PHX
21900066,10/31/2019,ATL,MIA
21900067,10/31/2019,NOP,DEN
21900068,10/31/2019,LAC,SAS
21900069,11/1/2019,BKN,HOU
21900070,11/1/2019,IND,CLE
21900071,11/1/2019,ORL,MIL
21900072,11/1/2019,BOS,NYK
21900073,11/1/2019,CHI,DET
21900074,11/1/2019,DAL,LAL
21900075,11/1/2019,SAC,UTA
21900076,11/1/2019,GSW,SAS
21900077,11/2/2019,OKC,NOP
21900078,11/2/2019,DET,BKN
21900079,11/2/2019,ORL,DEN
21900080,11/2/2019,WAS,MIN
21900081,11/2/2019,MEM,PHX
21900082,11/2/2019,MIL,TOR
21900083,11/2/2019,GSW,CHA
21900084,11/2/2019,POR,PHI
21900085,11/3/2019,IND,CHI
21900086,11/3/2019,MIA,HOU
21900087,11/3/2019,NYK,SAC
21900088,11/3/2019,SAS,LAL
21900089,11/3/2019,CLE,DAL
21900090,11/3/2019,LAC,UTA
21900091,11/4/2019,WAS,DET
21900092,11/4/2019,BKN,NOP
21900093,11/4/2019,MEM,HOU
21900094,11/4/2019,MIN,MIL
21900095,11/4/2019,PHX,PHI
21900096,11/4/2019,GSW,POR
21900097,11/5/2019,CHA,IND
21900098,11/5/2019,CLE,BOS
21900099,11/5/2019,ATL,SAS
21900100,11/5/2019,CHI,LAL
21900101,11/5/2019,OKC,ORL
21900102,11/5/2019,DEN,MIA
21900103,11/6/2019,DET,NYK
21900104,11/6/2019,IND,WAS
21900105,11/6/2019,ATL,CHI
21900106,11/6/2019,TOR,SAC
21900107,11/6/2019,HOU,GSW
21900108,11/6/2019,MEM,MIN
21900109,11/6/2019,DAL,ORL
21900110,11/6/2019,UTA,PHI
21900111,11/6/2019,LAC,MIL
21900112,11/7/2019,CHA,BOS
21900113,11/7/2019,SAS,OKC
21900114,11/7/2019,PHX,MIA
21900115,11/7/2019,LAC,POR
21900116,11/8/2019,IND,DET
21900117,11/8/2019,ORL,MEM
21900118,11/8/2019,WAS,CLE
21900119,11/8/2019,ATL,SAC
21900120,11/8/2019,MIN,GSW
21900121,11/8/2019,NOP,TOR
21900122,11/8/2019,DAL,NYK
21900123,11/8/2019,DEN,PHI
21900124,11/8/2019,UTA,MIL
21900125,11/8/2019,POR,BKN
21900126,11/8/2019,LAL,MIA
21900127,11/9/2019,SAS,BOS
21900128,11/9/2019,CHA,NOP
21900129,11/9/2019,CHI,HOU
21900130,11/9/2019,MEM,DAL
21900131,11/9/2019,OKC,GSW
21900132,11/10/2019,MIN,DEN
21900133,11/10/2019,ORL,IND
21900134,11/10/2019,PHI,CHA
21900135,11/10/2019,OKC,MIL
21900136,11/10/2019,NYK,CLE
21900137,11/10/2019,PHX,BKN
21900138,11/10/2019,POR,ATL
21900139,11/10/2019,LAL,TOR
21900140,11/11/2019,DET,MIN
21900141,11/11/2019,BOS,DAL
21900142,11/11/2019,NOP,HOU
21900143,11/11/2019,SAS,MEM
21900144,11/11/2019,GSW,UTA
21900145,11/11/2019,LAC,TOR
21900146,11/12/2019,IND,OKC
21900147,11/12/2019,PHI,CLE
21900148,11/12/2019,MIA,DET
21900149,11/12/2019,CHI,NYK
21900150,11/12/2019,DEN,ATL
21900151,11/12/2019,PHX,LAL
21900152,11/12/2019,UTA,BKN
21900153,11/12/2019,SAC,POR
21900154,11/13/2019,CHA,MEM
21900155,11/13/2019,ORL,PHI
21900156,11/13/2019,BOS,WAS
21900157,11/13/2019,HOU,LAC
21900158,11/13/2019,MIN,SAS
21900159,11/13/2019,LAL,GSW
21900160,11/13/2019,POR,TOR
21900161,11/14/2019,CLE,MIA
21900162,11/14/2019,NYK,DAL
21900163,11/14/2019,MIL,CHI
21900164,11/14/2019,NOP,LAC
21900165,11/14/2019,PHX,ATL
21900166,11/14/2019,DEN,BKN
21900167,11/15/2019,CHA,DET
21900168,11/15/2019,ORL,SAS
21900169,11/15/2019,HOU,IND
21900170,11/15/2019,MEM,UTA
21900171,11/15/2019,MIN,WAS
21900172,11/15/2019,OKC,PHI
21900173,11/15/2019,GSW,BOS
21900174,11/15/2019,LAL,SAC
21900175,11/16/2019,CHI,BKN
21900176,11/16/2019,IND,MIL
21900177,11/16/2019,NYK,CHA
21900178,11/16/2019,MIA,NOP
21900179,11/16/2019,MIN,HOU
21900180,11/16/2019,DAL,TOR
21900181,11/16/2019,SAS,POR
21900182,11/16/2019,LAC,ATL
21900183,11/17/2019,CLE,PHI
21900184,11/17/2019,SAC,BOS
21900185,11/17/2019,ORL,WAS
21900186,11/17/2019,MEM,DEN
21900187,11/17/2019,NOP,GSW
21900188,11/17/2019,LAL,ATL
21900189,11/18/2019,NYK,CLE
21900190,11/18/2019,BKN,IND
21900191,11/18/2019,TOR,CHA
21900192,11/18/2019,CHI,MIL
21900193,11/18/2019,HOU,POR
21900194,11/18/2019,DAL,SAS
21900195,11/18/2019,PHX,BOS
21900196,11/18/2019,UTA,MIN
21900197,11/18/2019,LAC,OKC
21900198,11/19/2019,MEM,GSW
21900199,11/19/2019,NOP,POR
21900200,11/19/2019,SAC,PHX
21900201,11/19/2019,LAL,OKC
21900202,11/20/2019,PHI,NYK
21900203,11/20/2019,WAS,SAS
21900204,11/20/2019,ATL,MIL
21900205,11/20/2019,BKN,CHA
21900206,11/20/2019,MIA,CLE
21900207,11/20/2019,TOR,ORL
21900208,11/20/2019,DAL,GSW
21900209,11/20/2019,CHI,DET
21900210,11/20/2019,MIN,UTA
21900211,11/20/2019,DEN,HOU
21900212,11/20/2019,LAC,BOS
21900213,11/21/2019,MIL,POR
21900214,11/21/2019,PHX,NOP
21900215,11/22/2019,DET,ATL
21900216,11/22/2019,WAS,CHA
21900217,11/22/2019,BKN,SAC
21900218,11/22/2019,PHI,SAS
21900219,11/22/2019,CHI,MIA
21900220,11/22/2019,OKC,LAL
21900221,11/22/2019,DAL,CLE
21900222,11/22/2019,DEN,BOS
21900223,11/22/2019,UTA,GSW
21900224,11/22/2019,LAC,HOU
21900225,11/23/2019,MIN,PHX
21900226,11/23/2019,CHA,CHI
21900227,11/23/2019,IND,ORL
21900228,11/23/2019,ATL,TOR
21900229,11/23/2019,NYK,SAS
21900230,11/23/2019,PHI,MIA
21900231,11/23/2019,CLE,POR
21900232,11/23/2019,MEM,LAL
21900233,11/23/2019,MIL,DET
21900234,11/23/2019,UTA,NOP
21900235,11/24/2019,HOU,DAL
21900236,11/24/2019,NYK,BKN
21900237,11/24/2019,WAS,SAC
21900238,11/24/2019,DEN,PHX
21900239,11/24/2019,LAC,NOP
21900240,11/25/2019,CLE,BKN
21900241,11/25/2019,DET,ORL
21900242,11/25/2019,IND,MEM
21900243,11/25/2019,ATL,MIN
21900244,11/25/2019,BOS,SAC
21900245,11/25/2019,MIA,CHA
21900246,11/25/2019,TOR,PHI
21900247,11/25/2019,CHI,POR
21900248,11/25/2019,MIL,UTA
21900249,11/25/2019,SAS,LAL
21900250,11/25/2019,GSW,OKC
21900251,11/26/2019,DAL,LAC
21900252,11/26/2019,DEN,WAS
21900253,11/27/2019,BOS,BKN
21900254,11/27/2019,CHA,DET
21900255,11/27/2019,CLE,ORL
21900256,11/27/2019,IND,UTA
21900257,11/27/2019,PHI,SAC
21900258,11/27/2019,TOR,NYK
21900259,11/27/2019,HOU,MIA
21900260,11/27/2019,MEM,LAC
21900261,11/27/2019,MIL,ATL
21900262,11/27/2019,SAS,MIN
21900263,11/27/2019,PHX,WAS
21900264,11/27/2019,NOP,LAL
21900265,11/27/2019,POR,OKC
21900266,11/27/2019,GSW,CHI
21900267,11/29/2019,BKN,BOS
21900268,11/29/2019,DET,CHA
21900269,11/29/2019,ORL,TOR
21900270,11/29/2019,CLE,MIL
21900271,11/29/2019,NYK,PHI
21900272,11/29/2019,IND,ATL
21900273,11/29/2019,MIA,GSW
21900274,11/29/2019,MEM,UTA
21900275,11/29/2019,OKC,NOP
21900276,11/29/2019,SAS,LAC
21900277,11/29/2019,PHX,DAL
21900278,11/29/2019,POR,CHI
21900279,11/29/2019,LAL,WAS
21900280,11/30/2019,SAC,DEN
21900281,11/30/2019,PHI,IND
21900282,11/30/2019,HOU,ATL
21900283,11/30/2019,MIL,CHA
21900284,12/1/2019,BKN,MIA
21900285,12/1/2019,NYK,BOS
21900286,12/1/2019,MIN,MEM
21900287,12/1/2019,LAL,DAL
21900288,12/1/2019,DET,SAS
21900289,12/1/2019,NOP,OKC
21900290,12/1/2019,ORL,GSW
21900291,12/1/2019,TOR,UTA
21900292,12/1/2019,LAC,WAS
21900293,12/2/2019,CHA,PHX
21900294,12/2/2019,PHI,UTA
21900295,12/2/2019,ATL,GSW
21900296,12/2/2019,MEM,IND
21900297,12/2/2019,MIL,NYK
21900298,12/2/2019,SAC,CHI
21900299,12/3/2019,CLE,DET
21900300,12/3/2019,WAS,ORL
21900301,12/3/2019,TOR,MIA
21900302,12/3/2019,NOP,DAL
21900303,12/3/2019,SAS,HOU
21900304,12/3/2019,DEN,LAL
21900305,12/3/2019,LAC,POR
21900306,12/4/2019,CHA,GSW
21900307,12/4/2019,DET,MIL
21900308,12/4/2019,ORL,PHX
21900309,12/4/2019,ATL,BKN
21900310,12/4/2019,BOS,MIA
21900311,12/4/2019,CHI,MEM
21900312,12/4/2019,OKC,IND
21900313,12/4/2019,DAL,MIN
21900314,12/4/2019,UTA,LAL
21900315,12/4/2019,POR,SAC
21900316,12/5/2019,WAS,PHI
21900317,12/5/2019,NYK,DEN
21900318,12/5/2019,TOR,HOU
21900319,12/5/2019,NOP,PHX
21900320,12/6/2019,CHA,BKN
21900321,12/6/2019,CLE,ORL
21900322,12/6/2019,DET,IND
21900323,12/6/2019,BOS,DEN
21900324,12/6/2019,MIA,WAS
21900325,12/6/2019,CHI,GSW
21900326,12/6/2019,OKC,MIN
21900327,12/6/2019,MIL,LAC
21900328,12/6/2019,SAS,SAC
21900329,12/6/2019,POR,LAL
21900330,12/7/2019,DAL,NOP
21900331,12/7/2019,NYK,IND
21900332,12/7/2019,PHI,CLE
21900333,12/7/2019,HOU,PHX
21900334,12/7/2019,UTA,MEM
21900335,12/8/2019,BKN,DEN
21900336,12/8/2019,CHA,ATL
21900337,12/8/2019,MIA,CHI
21900338,12/8/2019,PHI,TOR
21900339,12/8/2019,WAS,LAC
21900340,12/8/2019,DAL,SAC
21900341,12/8/2019,POR,OKC
21900342,12/8/2019,LAL,MIN
21900343,12/9/2019,IND,LAC
21900344,12/9/2019,BOS,CLE
21900345,12/9/2019,CHI,TOR
21900346,12/9/2019,HOU,SAC
21900347,12/9/2019,MIL,ORL
21900348,12/9/2019,NOP,DET
21900349,12/9/2019,PHX,MIN
21900350,12/9/2019,UTA,OKC
21900351,12/9/2019,GSW,MEM
21900352,12/10/2019,CHA,WAS
21900353,12/10/2019,PHI,DEN
21900354,12/10/2019,MIA,ATL
21900355,12/10/2019,POR,NYK
21900356,12/11/2019,CLE,HOU
21900357,12/11/2019,IND,BOS
21900358,12/11/2019,ORL,LAL
21900359,12/11/2019,TOR,LAC
21900360,12/11/2019,BKN,CHA
21900361,12/11/2019,CHI,ATL
21900362,12/11/2019,MIN,UTA
21900363,12/11/2019,PHX,MEM
21900364,12/11/2019,MIL,NOP
21900365,12/11/2019,SAC,OKC
21900366,12/11/2019,GSW,NYK
21900367,12/12/2019,BOS,PHI
21900368,12/12/2019,SAS,CLE
21900369,12/12/2019,DET,DAL
21900370,12/12/2019,DEN,POR
21900371,12/13/2019,ORL,HOU
21900372,12/13/2019,PHI,NOP
21900373,12/13/2019,ATL,IND
21900374,12/13/2019,MIA,LAL
21900375,12/13/2019,CHI,CHA
21900376,12/13/2019,MEM,MIL
21900377,12/13/2019,MIN,LAC
21900378,12/13/2019,SAC,NYK
21900379,12/13/2019,UTA,GSW
21900380,12/14/2019,PHX,SAS
21900381,12/14/2019,TOR,BKN
21900382,12/14/2019,CHI,LAC
21900383,12/14/2019,MEM,WAS
21900384,12/14/2019,DAL,MIA
21900385,12/14/2019,MIL,CLE
21900386,12/14/2019,HOU,DET
21900387,12/14/2019,DEN,OKC
21900388,12/15/2019,NOP,ORL
21900389,12/15/2019,IND,CHA
21900390,12/15/2019,ATL,LAL
21900391,12/15/2019,BKN,PHI
21900392,12/15/2019,DEN,NYK
21900393,12/15/2019,GSW,SAC
21900394,12/16/2019,DET,WAS
21900395,12/16/2019,TOR,CLE
21900396,12/16/2019,HOU,SAS
21900397,12/16/2019,MEM,MIA
21900398,12/16/2019,MIL,DAL
21900399,12/16/2019,OKC,CHI
21900400,12/16/2019,PHX,POR
21900401,12/17/2019,CHA,SAC
21900402,12/17/2019,IND,LAL
21900403,12/17/2019,NYK,ATL
21900404,12/17/2019,NOP,BKN
21900405,12/17/2019,UTA,ORL
21900406,12/17/2019,LAC,PHX
21900407,12/18/2019,CLE,CHA
21900408,12/18/2019,DET,TOR
21900409,12/18/2019,WAS,CHI
21900410,12/18/2019,PHI,MIA
21900411,12/18/2019,MIN,NOP
21900412,12/18/2019,OKC,MEM
21900413,12/18/2019,DAL,BOS
21900414,12/18/2019,DEN,ORL
21900415,12/18/2019,POR,GSW
21900416,12/19/2019,ATL,UTA
21900417,12/19/2019,MIL,LAL
21900418,12/19/2019,SAS,BKN
21900419,12/19/2019,LAC,HOU
21900420,12/20/2019,CLE,MEM
21900421,12/20/2019,IND,SAC
21900422,12/20/2019,BOS,DET
21900423,12/20/2019,TOR,WAS
21900424,12/20/2019,MIA,NYK
21900425,12/20/2019,PHI,DAL
21900426,12/20/2019,OKC,PHX
21900427,12/20/2019,DEN,MIN
21900428,12/20/2019,POR,ORL
21900429,12/20/2019,GSW,NOP
21900430,12/21/2019,CHA,UTA
21900431,12/21/2019,BKN,ATL
21900432,12/21/2019,DET,CHI
21900433,12/21/2019,PHI,WAS
21900434,12/21/2019,NYK,MIL
21900435,12/21/2019,MEM,SAC
21900436,12/21/2019,SAS,LAC
21900437,12/21/2019,PHX,HOU
21900438,12/21/2019,POR,MIN
21900439,12/22/2019,TOR,DAL
21900440,12/22/2019,BOS,CHA
21900441,12/22/2019,MIL,IND
21900442,12/22/2019,OKC,LAC
21900443,12/22/2019,LAL,DEN
21900444,12/23/2019,CLE,ATL
21900445,12/23/2019,DET,PHI
21900446,12/23/2019,IND,TOR
21900447,12/23/2019,NYK,WAS
21900448,12/23/2019,ORL,CHI
21900449,12/23/2019,MIA,UTA
21900450,12/23/2019,MEM,SAS
21900451,12/23/2019,PHX,DEN
21900452,12/23/2019,POR,NOP
21900453,12/23/2019,SAC,HOU
21900454,12/23/2019,GSW,MIN
21900455,12/25/2019,TOR,BOS
21900456,12/25/2019,PHI,MIL
21900457,12/25/2019,GSW,HOU
21900458,12/25/2019,LAL,LAC
21900459,12/25/2019,DEN,NOP
21900460,12/26/2019,DET,WAS
21900461,12/26/2019,BKN,NYK
21900462,12/26/2019,OKC,MEM
21900463,12/26/2019,DAL,SAS
21900464,12/26/2019,SAC,MIN
21900465,12/26/2019,UTA,POR
21900466,12/27/2019,BOS,CLE
21900467,12/27/2019,CHA,OKC
21900468,12/27/2019,ORL,PHI
21900469,12/27/2019,ATL,MIL
21900470,12/27/2019,MIA,IND
21900471,12/27/2019,GSW,PHX
21900472,12/28/2019,DEN,MEM
21900473,12/28/2019,BOS,TOR
21900474,12/28/2019,NOP,IND
21900475,12/28/2019,MIA,PHI
21900476,12/28/2019,WAS,NYK
21900477,12/28/2019,CHI,ATL
21900478,12/28/2019,HOU,BKN
21900479,12/28/2019,MIN,CLE
21900480,12/28/2019,MIL,ORL
21900481,12/28/2019,SAS,DET
21900482,12/28/2019,GSW,DAL
21900483,12/28/2019,SAC,PHX
21900484,12/28/2019,POR,LAL
21900485,12/28/2019,LAC,UTA
21900486,12/29/2019,TOR,OKC
21900487,12/29/2019,MEM,CHA
21900488,12/29/2019,NOP,HOU
21900489,12/29/2019,DEN,SAC
21900490,12/29/2019,LAL,DAL
21900491,12/30/2019,ORL,ATL
21900492,12/30/2019,WAS,MIA
21900493,12/30/2019,CHI,MIL
21900494,12/30/2019,MIN,BKN
21900495,12/30/2019,UTA,DET
21900496,12/30/2019,POR,PHX
21900497,12/31/2019,CHA,BOS
21900498,12/31/2019,IND,PHI
21900499,12/31/2019,SAC,LAC
21900500,12/31/2019,TOR,CLE
21900501,12/31/2019,HOU,DEN
21900502,12/31/2019,SAS,GSW
21900503,12/31/2019,OKC,DAL
21900504,1/1/2020,WAS,ORL
21900505,1/1/2020,NYK,POR
21900506,1/1/2020,MIL,MIN
21900507,1/1/2020,LAL,PHX
21900508,1/2/2020,CLE,CHA
21900509,1/2/2020,IND,DEN
21900510,1/2/2020,MIA,TOR
21900511,1/2/2020,CHI,UTA
21900512,1/2/2020,MIN,GSW
21900513,1/2/2020,DAL,BKN
21900514,1/2/2020,SAS,OKC
21900515,1/2/2020,SAC,MEM
21900516,1/2/2020,LAC,DET
21900517,1/3/2020,BOS,ATL
21900518,1/3/2020,ORL,MIA
21900519,1/3/2020,WAS,POR
21900520,1/3/2020,HOU,PHI
21900521,1/3/2020,PHX,NYK
21900522,1/3/2020,LAL,NOP
21900523,1/4/2020,LAC,MEM
21900524,1/4/2020,BKN,TOR
21900525,1/4/2020,ORL,UTA
21900526,1/4/2020,ATL,IND
21900527,1/4/2020,CLE,OKC
21900528,1/4/2020,WAS,DEN
21900529,1/4/2020,CHI,BOS
21900530,1/4/2020,DAL,CHA
21900531,1/4/2020,MIL,SAS
21900532,1/4/2020,GSW,DET
21900533,1/4/2020,SAC,NOP
21900534,1/5/2020,LAC,NYK
21900535,1/5/2020,MIA,POR
21900536,1/5/2020,CLE,MIN
21900537,1/5/2020,PHX,MEM
21900538,1/5/2020,LAL,DET
21900539,1/6/2020,CHA,IND
21900540,1/6/2020,ORL,BKN
21900541,1/6/2020,PHI,OKC
21900542,1/6/2020,WAS,BOS
21900543,1/6/2020,ATL,DEN
21900544,1/6/2020,NOP,UTA
21900545,1/6/2020,DAL,CHI
21900546,1/6/2020,SAS,MIL
21900547,1/6/2020,SAC,GSW
21900548,1/7/2020,CLE,DET
21900549,1/7/2020,TOR,POR
21900550,1/7/2020,BKN,OKC
21900551,1/7/2020,MEM,MIN
21900552,1/7/2020,PHX,SAC
21900553,1/7/2020,LAL,NYK
21900554,1/8/2020,BOS,SAS
21900555,1/8/2020,CHA,TOR
21900556,1/8/2020,IND,MIA
21900557,1/8/2020,ORL,WAS
21900558,1/8/2020,ATL,HOU
21900559,1/8/2020,DAL,DEN
21900560,1/8/2020,NOP,CHI
21900561,1/8/2020,UTA,NYK
21900562,1/8/2020,GSW,MIL
21900563,1/9/2020,DET,CLE
21900564,1/9/2020,PHI,BOS
21900565,1/9/2020,MIN,POR
21900566,1/9/2020,OKC,HOU
21900567,1/10/2020,WAS,ATL
21900568,1/10/2020,BKN,MIA
21900569,1/10/2020,NYK,NOP
21900570,1/10/2020,CHI,IND
21900571,1/10/2020,MEM,SAS
21900572,1/10/2020,DAL,LAL
21900573,1/10/2020,PHX,ORL
21900574,1/10/2020,UTA,CHA
21900575,1/10/2020,SAC,MIL
21900576,1/10/2020,LAC,GSW
21900577,1/11/2020,HOU,MIN
21900578,1/11/2020,BOS,NOP
21900579,1/11/2020,DET,CHI
21900580,1/11/2020,OKC,LAL
21900581,1/11/2020,DAL,PHI
21900582,1/11/2020,DEN,CLE
21900583,1/11/2020,POR,MIL
21900584,1/12/2020,NYK,MIA
21900585,1/12/2020,WAS,UTA
21900586,1/12/2020,BKN,ATL
21900587,1/12/2020,TOR,SAS
21900588,1/12/2020,MEM,GSW
21900589,1/12/2020,DEN,LAC
21900590,1/12/2020,PHX,CHA
21900591,1/13/2020,DET,NOP
21900592,1/13/2020,IND,PHI
21900593,1/13/2020,BOS,CHI
21900594,1/13/2020,MIN,OKC
21900595,1/13/2020,POR,CHA
21900596,1/13/2020,SAC,ORL
21900597,1/13/2020,LAL,CLE
21900598,1/14/2020,ATL,PHX
21900599,1/14/2020,BKN,UTA
21900600,1/14/2020,MEM,HOU
21900601,1/14/2020,MIL,NYK
21900602,1/14/2020,GSW,DAL
21900603,1/14/2020,LAC,CLE
21900604,1/15/2020,BOS,DET
21900605,1/15/2020,PHI,BKN
21900606,1/15/2020,MIA,SAS
21900607,1/15/2020,CHI,WAS
21900608,1/15/2020,MIN,IND
21900609,1/15/2020,OKC,TOR
21900610,1/15/2020,DEN,CHA
21900611,1/15/2020,HOU,POR
21900612,1/15/2020,SAC,DAL
21900613,1/15/2020,LAL,ORL
21900614,1/16/2020,NYK,PHX
21900615,1/16/2020,MIL,BOS
21900616,1/16/2020,NOP,UTA
21900617,1/16/2020,GSW,DEN
21900618,1/16/2020,LAC,ORL
21900619,1/17/2020,PHI,CHI
21900620,1/17/2020,IND,MIN
21900621,1/17/2020,TOR,WAS
21900622,1/17/2020,MEM,CLE
21900623,1/17/2020,OKC,MIA
21900624,1/17/2020,SAS,ATL
21900625,1/17/2020,DAL,POR
21900626,1/18/2020,NOP,LAC
21900627,1/18/2020,BKN,MIL
21900628,1/18/2020,BOS,PHX
21900629,1/18/2020,ATL,DET
21900630,1/18/2020,NYK,PHI
21900631,1/18/2020,CHI,CLE
21900632,1/18/2020,MIN,TOR
21900633,1/18/2020,GSW,ORL
21900634,1/18/2020,HOU,LAL
21900635,1/18/2020,OKC,POR
21900636,1/18/2020,UTA,SAC
21900637,1/19/2020,SAS,MIA
21900638,1/19/2020,DEN,IND
21900639,1/20/2020,WAS,DET
21900640,1/20/2020,ATL,TOR
21900641,1/20/2020,BKN,PHI
21900642,1/20/2020,CHA,ORL
21900643,1/20/2020,MIL,CHI
21900644,1/20/2020,CLE,NYK
21900645,1/20/2020,HOU,OKC
21900646,1/20/2020,MEM,NOP
21900647,1/20/2020,MIA,SAC
21900648,1/20/2020,BOS,LAL
21900649,1/20/2020,MIN,DEN
21900650,1/20/2020,UTA,IND
21900651,1/20/2020,PHX,SAS
21900652,1/20/2020,POR,GSW
21900653,1/21/2020,DAL,LAC
21900654,1/22/2020,DET,SAC
21900655,1/22/2020,ORL,OKC
21900656,1/22/2020,ATL,LAC
21900657,1/22/2020,BOS,MEM
21900658,1/22/2020,NYK,LAL
21900659,1/22/2020,MIA,WAS
21900660,1/22/2020,TOR,PHI
21900661,1/22/2020,CHI,MIN
21900662,1/22/2020,HOU,DEN
21900663,1/22/2020,NOP,SAS
21900664,1/22/2020,PHX,IND
21900665,1/22/2020,GSW,UTA
21900666,1/23/2020,CLE,WAS
21900667,1/23/2020,BKN,LAL
21900668,1/23/2020,POR,DAL
21900669,1/24/2020,CHA,MIL
21900670,1/24/2020,ORL,BOS
21900671,1/24/2020,DET,MEM
21900672,1/24/2020,NYK,TOR
21900673,1/24/2020,OKC,ATL
21900674,1/24/2020,CHI,SAC
21900675,1/24/2020,NOP,DEN
21900676,1/24/2020,MIN,HOU
21900677,1/24/2020,MIA,LAC
21900678,1/24/2020,SAS,PHX
21900679,1/24/2020,GSW,IND
21900680,1/25/2020,UTA,DAL
21900681,1/25/2020,DET,BKN
21900682,1/25/2020,CLE,CHI
21900683,1/25/2020,MIN,OKC
21900684,1/25/2020,PHI,LAL
21900685,1/26/2020,DEN,HOU
21900686,1/26/2020,SAS,TOR
21900687,1/26/2020,ATL,WAS
21900688,1/26/2020,NOP,BOS
21900689,1/26/2020,NYK,BKN
21900690,1/26/2020,ORL,LAC
21900691,1/26/2020,MEM,PHX
21900692,1/26/2020,POR,IND
21900693,1/27/2020,DET,CLE
21900694,1/27/2020,MIA,ORL
21900695,1/27/2020,CHI,SAS
21900696,1/27/2020,OKC,DAL
21900697,1/27/2020,MIN,SAC
21900698,1/27/2020,UTA,HOU
21900699,1/28/2020,CHA,NYK
21900700,1/28/2020,TOR,ATL
21900701,1/28/2020,MIA,BOS
21900702,1/28/2020,CLE,NOP
21900703,1/28/2020,PHI,GSW
21900704,1/28/2020,MEM,DEN
21900705,1/28/2020,MIL,WAS
21900706,1/28/2020,DAL,PHX
21900707,1/28/2020,LAL,LAC
21900708,1/29/2020,IND,CHI
21900709,1/29/2020,BKN,DET
21900710,1/29/2020,NYK,MEM
21900711,1/29/2020,SAS,UTA
21900712,1/29/2020,POR,HOU
21900713,1/29/2020,SAC,OKC
21900714,1/30/2020,WAS,CHA
21900715,1/30/2020,CLE,TOR
21900716,1/30/2020,ATL,PHI
21900717,1/30/2020,BOS,GSW
21900718,1/30/2020,DEN,UTA
21900719,1/30/2020,LAC,SAC
21900720,1/31/2020,DET,TOR
21900721,1/31/2020,BKN,CHI
21900722,1/31/2020,HOU,DAL
21900723,1/31/2020,NOP,MEM
21900724,1/31/2020,MIL,DEN
21900725,1/31/2020,PHX,OKC
21900726,1/31/2020,LAL,POR
21900727,2/1/2020,LAC,MIN
21900728,2/1/2020,IND,NYK
21900729,2/1/2020,ORL,MIA
21900730,2/1/2020,WAS,BKN
21900731,2/1/2020,CLE,GSW
21900732,2/1/2020,DAL,ATL
21900733,2/1/2020,BOS,PHI
21900734,2/1/2020,SAS,CHA
21900735,2/1/2020,SAC,LAL
21900736,2/1/2020,POR,UTA
21900737,2/2/2020,HOU,NOP
21900738,2/2/2020,MIL,PHX
21900739,2/2/2020,TOR,CHI
21900740,2/2/2020,DET,DEN
21900741,2/3/2020,CHA,ORL
21900742,2/3/2020,CLE,NYK
21900743,2/3/2020,IND,DAL
21900744,2/3/2020,WAS,GSW
21900745,2/3/2020,ATL,BOS
21900746,2/3/2020,BKN,PHX
21900747,2/3/2020,MIA,PHI
21900748,2/3/2020,MEM,DET
21900749,2/3/2020,SAC,MIN
21900750,2/3/2020,LAC,SAS
21900751,2/4/2020,NOP,MIL
21900752,2/4/2020,HOU,CHA
21900753,2/4/2020,DEN,POR
21900754,2/4/2020,LAL,SAS
21900755,2/5/2020,DET,PHX
21900756,2/5/2020,BOS,ORL
21900757,2/5/2020,BKN,GSW
21900758,2/5/2020,TOR,IND
21900759,2/5/2020,MIN,ATL
21900760,2/5/2020,OKC,CLE
21900761,2/5/2020,DAL,MEM
21900762,2/5/2020,UTA,DEN
21900763,2/5/2020,LAC,MIA
21900764,2/6/2020,NYK,ORL
21900765,2/6/2020,CHI,NOP
21900766,2/6/2020,MIL,PHI
21900767,2/6/2020,POR,SAS
21900768,2/6/2020,LAL,HOU
21900769,2/7/2020,WAS,DAL
21900770,2/7/2020,PHI,MEM
21900771,2/7/2020,BOS,ATL
21900772,2/7/2020,OKC,DET
21900773,2/7/2020,IND,TOR
21900774,2/7/2020,PHX,HOU
21900775,2/7/2020,SAC,MIA
21900776,2/7/2020,UTA,POR
21900777,2/8/2020,ORL,MIL
21900778,2/8/2020,CHA,DAL
21900779,2/8/2020,DET,NYK
21900780,2/8/2020,TOR,BKN
21900781,2/8/2020,IND,NOP
21900782,2/8/2020,MIN,LAC
21900783,2/8/2020,GSW,LAL
21900784,2/8/2020,PHX,DEN
21900785,2/8/2020,SAC,SAS
21900786,2/9/2020,OKC,BOS
21900787,2/9/2020,ATL,NYK
21900788,2/9/2020,PHI,CHI
21900789,2/9/2020,WAS,MEM
21900790,2/9/2020,HOU,UTA
21900791,2/9/2020,CLE,LAC
21900792,2/9/2020,POR,MIA
21900793,2/10/2020,ORL,ATL
21900794,2/10/2020,IND,BKN
21900795,2/10/2020,DET,CHA
21900796,2/10/2020,TOR,MIN
21900797,2/10/2020,MIL,SAC
21900798,2/10/2020,DAL,UTA
21900799,2/10/2020,DEN,SAS
21900800,2/10/2020,GSW,MIA
21900801,2/10/2020,LAL,PHX
21900802,2/11/2020,WAS,CHI
21900803,2/11/2020,PHI,LAC
21900804,2/11/2020,NOP,POR
21900805,2/11/2020,OKC,SAS
21900806,2/11/2020,HOU,BOS
21900807,2/12/2020,CLE,ATL
21900808,2/12/2020,ORL,DET
21900809,2/12/2020,BKN,TOR
21900810,2/12/2020,IND,MIL
21900811,2/12/2020,NYK,WAS
21900812,2/12/2020,MIN,CHA
21900813,2/12/2020,MEM,POR
21900814,2/12/2020,DAL,SAC
21900815,2/12/2020,PHX,GSW
21900816,2/12/2020,UTA,MIA
21900817,2/12/2020,DEN,LAL
21900818,2/13/2020,BOS,LAC
21900819,2/13/2020,NOP,OKC
21900820,2/20/2020,DET,MIL
21900821,2/20/2020,ATL,MIA
21900822,2/20/2020,PHI,BKN
21900823,2/20/2020,CHI,CHA
21900824,2/20/2020,SAC,MEM
21900825,2/20/2020,GSW,HOU
21900826,2/21/2020,WAS,CLE
21900827,2/21/2020,ORL,DAL
21900828,2/21/2020,NYK,IND
21900829,2/21/2020,TOR,PHX
21900830,2/21/2020,MIN,BOS
21900831,2/21/2020,OKC,DEN
21900832,2/21/2020,UTA,SAS
21900833,2/21/2020,LAL,MEM
21900834,2/21/2020,POR,NOP
21900835,2/22/2020,LAC,SAC
21900836,2/22/2020,CHA,BKN
21900837,2/22/2020,ATL,DAL
21900838,2/22/2020,CHI,PHX
21900839,2/22/2020,MIA,CLE
21900840,2/22/2020,MIL,PHI
21900841,2/22/2020,UTA,HOU
21900842,2/23/2020,LAL,BOS
21900843,2/23/2020,DEN,MIN
21900844,2/23/2020,TOR,IND
21900845,2/23/2020,CHI,WAS
21900846,2/23/2020,OKC,SAS
21900847,2/23/2020,GSW,NOP
21900848,2/23/2020,POR,DET
21900849,2/24/2020,PHI,ATL
21900850,2/24/2020,CLE,MIA
21900851,2/24/2020,WAS,MIL
21900852,2/24/2020,BKN,ORL
21900853,2/24/2020,HOU,NYK
21900854,2/24/2020,DAL,MIN
21900855,2/24/2020,UTA,PHX
21900856,2/24/2020,LAC,MEM
21900857,2/25/2020,IND,CHA
21900858,2/25/2020,TOR,MIL
21900859,2/25/2020,CHI,OKC
21900860,2/25/2020,DEN,DET
21900861,2/25/2020,POR,BOS
21900862,2/25/2020,LAL,NOP
21900863,2/25/2020,GSW,SAC
21900864,2/26/2020,WAS,BKN
21900865,2/26/2020,CHA,NYK
21900866,2/26/2020,CLE,PHI
21900867,2/26/2020,ATL,ORL
21900868,2/26/2020,SAS,DAL
21900869,2/26/2020,MIA,MIN
21900870,2/26/2020,HOU,MEM
21900871,2/26/2020,PHX,LAC
21900872,2/26/2020,UTA,BOS
21900873,2/27/2020,PHI,NYK
21900874,2/27/2020,IND,POR
21900875,2/27/2020,OKC,SAC
21900876,2/27/2020,GSW,LAL
21900877,2/28/2020,ORL,MIN
21900878,2/28/2020,ATL,BKN
21900879,2/28/2020,TOR,CHA
21900880,2/28/2020,NOP,CLE
21900881,2/28/2020,MIA,DAL
21900882,2/28/2020,MEM,SAC
21900883,2/28/2020,MIL,OKC
21900884,2/28/2020,PHX,DET
21900885,2/28/2020,UTA,WAS
21900886,2/28/2020,LAC,DEN
21900887,2/29/2020,NYK,CHI
21900888,2/29/2020,ATL,POR
21900889,2/29/2020,MIA,BKN
21900890,2/29/2020,CLE,IND
21900891,2/29/2020,MEM,LAL
21900892,2/29/2020,BOS,HOU
21900893,2/29/2020,SAS,ORL
21900894,2/29/2020,PHX,GSW
21900895,3/1/2020,CHA,MIL
21900896,3/1/2020,MIN,DAL
21900897,3/1/2020,LAC,PHI
21900898,3/1/2020,DEN,TOR
21900899,3/1/2020,SAC,DET
21900900,3/1/2020,NOP,LAL
21900901,3/1/2020,GSW,WAS
21900902,3/2/2020,CLE,UTA
21900903,3/2/2020,NYK,HOU
21900904,3/2/2020,ORL,POR
21900905,3/2/2020,ATL,MEM
21900906,3/2/2020,MIA,MIL
21900907,3/2/2020,CHI,DAL
21900908,3/2/2020,SAS,IND
21900909,3/3/2020,CHA,SAS
21900910,3/3/2020,BOS,BKN
21900911,3/3/2020,OKC,LAC
21900912,3/3/2020,NOP,MIN
21900913,3/3/2020,DEN,GSW
21900914,3/3/2020,PHX,TOR
21900915,3/3/2020,LAL,PHI
21900916,3/3/2020,SAC,WAS
21900917,3/4/2020,CLE,BOS
21900918,3/4/2020,DET,OKC
21900919,3/4/2020,MIA,ORL
21900920,3/4/2020,BKN,MEM
21900921,3/4/2020,NYK,UTA
21900922,3/4/2020,MIN,CHI
21900923,3/4/2020,DAL,NOP
21900924,3/4/2020,MIL,IND
21900925,3/4/2020,POR,WAS
21900926,3/5/2020,CHA,DEN
21900927,3/5/2020,HOU,LAC
21900928,3/5/2020,SAC,PHI
21900929,3/5/2020,GSW,TOR
21900930,3/6/2020,WAS,ATL
21900931,3/6/2020,BKN,SAS
21900932,3/6/2020,NYK,OKC
21900933,3/6/2020,BOS,UTA
21900934,3/6/2020,CHI,IND
21900935,3/6/2020,NOP,MIA
21900936,3/6/2020,MIN,ORL
21900937,3/6/2020,DAL,MEM
21900938,3/6/2020,PHX,POR
21900939,3/6/2020,LAL,MIL
21900940,3/7/2020,CHA,HOU
21900941,3/7/2020,DET,UTA
21900942,3/7/2020,CLE,DEN
21900943,3/7/2020,MEM,ATL
21900944,3/7/2020,GSW,PHI
21900945,3/7/2020,POR,SAC
21900946,3/8/2020,BKN,CHI
21900947,3/8/2020,LAC,LAL
21900948,3/8/2020,MIN,NOP
21900949,3/8/2020,BOS,OKC
21900950,3/8/2020,PHX,MIL
21900951,3/8/2020,DAL,IND
21900952,3/8/2020,HOU,ORL
21900953,3/8/2020,WAS,MIA
21900954,3/8/2020,CLE,SAS
21900955,3/8/2020,NYK,DET
21900956,3/8/2020,SAC,TOR
21900957,3/9/2020,ATL,CHA
21900958,3/9/2020,DEN,MIL
21900959,3/9/2020,UTA,TOR
21900960,3/10/2020,IND,BOS
21900961,3/10/2020,WAS,NYK
21900962,3/10/2020,CHI,CLE
21900963,3/10/2020,SAS,DAL
21900964,3/10/2020,HOU,MIN
21900965,3/10/2020,MEM,ORL
21900966,3/10/2020,POR,PHX
21900967,3/10/2020,LAL,BKN
21900968,3/10/2020,GSW,LAC
21900969,3/11/2020,ATL,NYK
21900970,3/11/2020,MIA,CHA
21900971,3/11/2020,PHI,DET
21900972,3/11/2020,OKC,UTA
21900973,3/11/2020,DAL,DEN
21900974,3/11/2020,SAC,NOP
21900975,3/12/2020,ORL,CHI
21900976,3/12/2020,MIL,BOS
21900977,3/12/2020,POR,MEM
21900978,3/12/2020,GSW,BKN
21900979,3/12/2020,LAL,HOU
21900980,3/13/2020,CHA,CLE
21900981,3/13/2020,BOS,WAS
21900982,3/13/2020,MIA,NYK
21900983,3/13/2020,OKC,MIN
21900984,3/13/2020,SAS,DEN
21900985,3/13/2020,UTA,NOP
21900986,3/13/2020,LAC,BKN
21900987,3/14/2020,DAL,PHX
21900988,3/14/2020,ATL,CLE
21900989,3/14/2020,TOR,DET
21900990,3/14/2020,PHI,IND
21900991,3/14/2020,MIA,CHI
21900992,3/14/2020,MIL,GSW
21900993,3/14/2020,SAS,MIN
21900994,3/14/2020,UTA,MEM
21900995,3/14/2020,LAC,NOP
21900996,3/15/2020,POR,HOU
21900997,3/15/2020,ORL,CHA
21900998,3/15/2020,WAS,OKC
21900999,3/15/2020,CHI,BOS
21901000,3/15/2020,SAC,BKN
21901001,3/15/2020,LAL,DEN
21901002,3/16/2020,PHI,WAS
21901003,3/16/2020,NOP,ATL
21901004,3/16/2020,TOR,GSW
21901005,3/16/2020,MIL,MIA
21901006,3/16/2020,SAS,MEM
21901007,3/16/2020,UTA,LAL
21901008,3/16/2020,LAC,DAL
21901009,3/17/2020,DET,ORL
21901010,3/17/2020,NYK,CHA
21901011,3/17/2020,HOU,CLE
21901012,3/17/2020,MEM,OKC
21901013,3/17/2020,SAC,DAL
21901014,3/17/2020,POR,MIN
21901015,3/18/2020,PHI,TOR
21901016,3/18/2020,ATL,OKC
21901017,3/18/2020,BOS,NYK
21901018,3/18/2020,BKN,WAS
21901019,3/18/2020,IND,GSW
21901020,3/18/2020,CHI,MIA
21901021,3/18/2020,NOP,SAS
21901022,3/18/2020,DEN,LAC
21901023,3/18/2020,LAL,UTA
21901024,3/18/2020,PHX,MIN
21901025,3/19/2020,CHA,PHI
21901026,3/19/2020,ORL,CLE
21901027,3/19/2020,HOU,SAC
21901028,3/19/2020,MIL,MEM
21901029,3/19/2020,POR,DAL
21901030,3/20/2020,DET,GSW
21901031,3/20/2020,IND,MIA
21901032,3/20/2020,ATL,WAS
21901033,3/20/2020,TOR,BOS
21901034,3/20/2020,OKC,DEN
21901035,3/20/2020,SAS,CHI
21901036,3/20/2020,UTA,MIN
21901037,3/20/2020,LAC,PHX
21901038,3/21/2020,BKN,BOS
21901039,3/21/2020,PHI,ATL
21901040,3/21/2020,CHA,LAL
21901041,3/21/2020,IND,CLE
21901042,3/21/2020,ORL,SAC
21901043,3/21/2020,NYK,GSW
21901044,3/21/2020,HOU,CHI
21901045,3/21/2020,MEM,NOP
21901046,3/21/2020,WAS,MIL
21901047,3/21/2020,PHX,DAL
21901048,3/22/2020,TOR,DEN
21901049,3/22/2020,DET,LAL
21901050,3/22/2020,MIN,POR
21901051,3/22/2020,NOP,SAC
21901052,3/22/2020,SAS,UTA
21901053,3/23/2020,WAS,BOS
21901054,3/23/2020,IND,PHX
21901055,3/23/2020,NYK,LAC
21901056,3/23/2020,BKN,ORL
21901057,3/23/2020,MIA,OKC
21901058,3/23/2020,CHI,DEN
21901059,3/23/2020,MIL,DET
21901060,3/23/2020,DAL,HOU
21901061,3/24/2020,CHA,POR
21901062,3/24/2020,CLE,SAC
21901063,3/24/2020,TOR,LAL
21901064,3/24/2020,NOP,MEM
21901065,3/24/2020,MIN,PHI
21901066,3/24/2020,UTA,SAS
21901067,3/25/2020,BKN,LAC
21901068,3/25/2020,DET,POR
21901069,3/25/2020,ORL,IND
21901070,3/25/2020,WAS,PHX
21901071,3/25/2020,MIA,DEN
21901072,3/25/2020,NYK,TOR
21901073,3/25/2020,MEM,BOS
21901074,3/25/2020,MIL,HOU
21901075,3/25/2020,GSW,ATL
21901076,3/26/2020,CLE,LAL
21901077,3/26/2020,OKC,CHA
21901078,3/26/2020,CHI,PHI
21901079,3/26/2020,MIN,SAS
21901080,3/26/2020,DAL,UTA
21901081,3/26/2020,SAC,ATL
21901082,3/27/2020,ORL,BKN
21901083,3/27/2020,DET,LAC
21901084,3/27/2020,IND,HOU
21901085,3/27/2020,PHI,PHX
21901086,3/27/2020,BOS,POR
21901087,3/27/2020,NOP,NYK
21901088,3/27/2020,MIL,WAS
21901089,3/27/2020,DEN,SAS
21901090,3/28/2020,BKN,CLE
21901091,3/28/2020,CHA,LAC
21901092,3/28/2020,CHI,NYK
21901093,3/28/2020,WAS,LAL
21901094,3/28/2020,MEM,TOR
21901095,3/28/2020,MIA,PHX
21901096,3/28/2020,GSW,OKC
21901097,3/28/2020,UTA,ATL
21901098,3/29/2020,DAL,MIL
21901099,3/29/2020,DET,HOU
21901100,3/29/2020,BOS,MIN
21901101,3/29/2020,ORL,NOP
21901102,3/29/2020,PHI,POR
21901103,3/29/2020,GSW,SAS
21901104,3/29/2020,SAC,IND
21901105,3/30/2020,CHA,MIA
21901106,3/30/2020,CLE,PHX
21901107,3/30/2020,BKN,POR
21901108,3/30/2020,TOR,MEM
21901109,3/30/2020,MIN,LAL
21901110,3/30/2020,UTA,CHI
21901111,3/30/2020,DEN,OKC
21901112,3/30/2020,LAC,IND
21901113,3/31/2020,ATL,NOP
21901114,3/31/2020,PHI,HOU
21901115,3/31/2020,GSW,DEN
21901116,3/31/2020,SAC,SAS
21901117,4/1/2020,ORL,CHA
21901118,4/1/2020,WAS,NOP
21901119,4/1/2020,BOS,MIA
21901120,4/1/2020,BKN,DET
21901121,4/1/2020,MIN,DAL
21901122,4/1/2020,MEM,NYK
21901123,4/1/2020,OKC,PHX
21901124,4/1/2020,UTA,CLE
21901125,4/1/2020,MIL,TOR
21901126,4/1/2020,LAL,IND
21901127,4/2/2020,HOU,GSW
21901128,4/2/2020,SAC,LAC
21901129,4/2/2020,POR,UTA
21901130,4/3/2020,IND,BKN
21901131,4/3/2020,DET,MIA
21901132,4/3/2020,WAS,PHI
21901133,4/3/2020,ATL,CHA
21901134,4/3/2020,BOS,ORL
21901135,4/3/2020,TOR,MIL
21901136,4/3/2020,NYK,MIN
21901137,4/3/2020,MEM,DAL
21901138,4/3/2020,SAS,GSW
21901139,4/3/2020,DEN,CHI
21901140,4/3/2020,PHX,CLE
21901141,4/4/2020,LAC,OKC
21901142,4/4/2020,SAC,LAL
21901143,4/5/2020,CHA,ATL
21901144,4/5/2020,PHI,ORL
21901145,4/5/2020,BOS,MIL
21901146,4/5/2020,IND,WAS
21901147,4/5/2020,NYK,MIA
21901148,4/5/2020,BKN,DAL
21901149,4/5/2020,PHX,CHI
21901150,4/5/2020,DEN,UTA
21901151,4/5/2020,MIN,DET
21901152,4/5/2020,HOU,TOR
21901153,4/5/2020,SAS,NOP
21901154,4/5/2020,SAC,CLE
21901155,4/5/2020,POR,MEM
21901156,4/5/2020,LAL,OKC
21901157,4/7/2020,WAS,TOR
21901158,4/7/2020,ATL,DET
21901159,4/7/2020,MIA,IND
21901160,4/7/2020,PHI,MIL
21901161,4/7/2020,OKC,BKN
21901162,4/7/2020,NOP,CHA
21901163,4/7/2020,MIN,PHX
21901164,4/7/2020,DAL,HOU
21901165,4/7/2020,SAS,SAC
21901166,4/7/2020,DEN,MEM
21901167,4/7/2020,POR,CLE
21901168,4/7/2020,UTA,LAC
21901169,4/7/2020,LAL,CHI
21901170,4/8/2020,BOS,IND
21901171,4/8/2020,CHA,TOR
21901172,4/8/2020,NYK,ORL
21901173,4/8/2020,HOU,SAS
21901174,4/8/2020,LAC,CHI
21901175,4/8/2020,GSW,CLE
21901176,4/9/2020,MIA,DET
21901177,4/9/2020,MIL,BKN
21901178,4/9/2020,MIN,SAC
21901179,4/9/2020,NOP,PHX
21901180,4/9/2020,POR,DEN
21901181,4/9/2020,LAL,GSW
21901182,4/10/2020,ORL,BOS
21901183,4/10/2020,TOR,ATL
21901184,4/10/2020,HOU,WAS
21901185,4/10/2020,OKC,NYK
21901186,4/10/2020,SAS,PHI
21901187,4/11/2020,DAL,DET
21901188,4/11/2020,CHA,WAS
21901189,4/11/2020,IND,ORL
21901190,4/11/2020,NOP,PHI
21901191,4/11/2020,CLE,MIL
21901192,4/11/2020,MIA,BOS
21901193,4/11/2020,CHI,BKN
21901194,4/11/2020,MEM,OKC
21901195,4/11/2020,LAC,GSW
21901196,4/11/2020,DEN,SAC
21901197,4/11/2020,PHX,UTA
21901198,4/12/2020,SAS,HOU
21901199,4/12/2020,TOR,NYK
21901200,4/12/2020,MIL,ATL
21901201,4/12/2020,LAL,MIN
21901202,4/13/2020,DET,BOS
21901203,4/13/2020,CLE,BKN
21901204,4/13/2020,CHA,MIA
21901205,4/13/2020,IND,SAS
21901206,4/13/2020,CHI,ORL
21901207,4/13/2020,HOU,PHX
21901208,4/13/2020,MEM,PHI
21901209,4/13/2020,NOP,WAS
21901210,4/13/2020,OKC,UTA
21901211,4/13/2020,DEN,DAL
21901212,4/13/2020,GSW,POR
21901213,4/13/2020,LAC,MIN
21901214,4/14/2020,NYK,DET
21901215,4/14/2020,MIA,TOR
21901216,4/14/2020,UTA,DEN
21901217,4/14/2020,LAL,SAC
21901218,4/15/2020,ATL,CLE
21901219,4/15/2020,BOS,CHI
21901220,4/15/2020,BKN,MIL
21901221,4/15/2020,PHI,CHA
21901222,4/15/2020,DAL,OKC
21901223,4/15/2020,HOU,MEM
21901224,4/15/2020,WAS,IND
21901225,4/15/2020,MIN,NYK
21901226,4/15/2020,SAS,NOP
21901227,4/15/2020,ORL,TOR
21901228,4/15/2020,SAC,GSW
21901229,4/15/2020,POR,LAC
21901230,4/15/2020,PHX,LAL
